{
  "mean": [
    44.31239318847656,
    51.58461380004883,
    55.9532585144043,
    57.6143684387207,
    61.017520904541016
  ],
  "std": [
    3.887803316116333,
    13.049982070922852,
    5.254856109619141,
    4.579367160797119,
    3.6004910469055176
  ],
  "features": [
    "flex_thumb",
    "flex_index",
    "flex_middle",
    "flex_ring",
    "flex_pinky"
  ]
}